etichetta,categoria,n_pacchetti,MB_totali,durata_sec,dim_std,rapporto_down_up,perc_pacchetti_pesanti,iat_medio_ms,n_pause_lunghe
calcolatrice_1,Download,7180,7.64,16.34,539.0,24.23,75.7,2.277,2
calcolatrice_2,Download,5923,7.07,12.52,430.6,51.54,87.4,2.115,5
calcolatrice_3,Download,5883,7.07,8.6,416.2,52.71,87.9,1.462,3
calcolatrice_4,Download,10362,10.02,39.07,602.2,20.1,69.3,3.771,5
calcolatrice_5,Download,8049,8.54,61.55,551.5,31.41,77.2,7.648,28
calcolatrice_6,Download,8429,8.42,30.72,588.6,25.19,71.9,3.645,7
canva_1,Download,89296,92.58,189.6,567.4,28.79,75.3,2.123,4
canva_2,Download,72518,76.94,122.86,552.5,38.11,77.3,1.694,4
canva_3,Download,54980,65.56,51.96,432.5,104.48,87.3,0.945,7
canva_4,Download,74395,75.99,133.82,577.8,38.94,73.9,1.799,7
canva_5,Download,49946,63.82,20.94,301.9,258.93,94.2,0.419,6
canva_6,Download,51347,64.61,19.93,337.7,167.27,92.6,0.388,7
corriere_1,Download,20139,24.55,37.76,396.4,77.45,89.3,1.875,14
corriere_2,Download,19849,24.71,33.56,359.5,121.27,91.6,1.691,14
corriere_3,Download,21094,25.87,31.67,386.4,101.44,89.9,1.501,11
corriere_4,Download,19289,24.09,26.41,353.3,115.92,92.0,1.369,10
corriere_5,Download,19315,24.01,28.37,361.9,97.09,91.3,1.469,9
corriere_6,Download,19746,24.01,29.76,402.5,95.75,89.3,1.507,10
disney_1,Download,91462,117.57,27.66,285.3,287.03,94.8,0.302,11
disney_2,Download,97016,119.98,23.81,368.1,92.76,90.8,0.245,0
disney_3,Download,92741,118.95,20.14,292.9,303.77,94.6,0.217,6
disney_4,Download,90619,116.64,15.96,282.9,352.98,95.0,0.176,4
disney_5,Download,91865,117.71,17.62,294.1,316.11,94.4,0.192,4
disney_6,Download,91140,117.03,20.96,289.5,295.44,94.8,0.23,6
genshin_1,Download,680902,878.32,875.05,276.5,394.13,95.3,1.285,670
hayday_1,Download,119644,152.79,901.07,303.0,276.7,94.7,7.531,707
ikea_1,Download,69119,88.71,18.86,290.1,327.72,94.6,0.273,5
ikea_2,Download,69021,88.68,13.85,287.8,341.06,94.8,0.201,5
ikea_3,Download,69212,88.87,20.94,289.4,335.96,94.7,0.303,8
ikea_4,Download,69184,88.87,19.1,288.0,326.77,94.8,0.276,5
ikea_5,Download,69382,88.85,21.21,296.6,254.07,94.5,0.306,6
ikea_6,Download,69143,88.88,13.27,287.4,322.23,94.9,0.192,6
shazam_1,Download,15754,18.96,36.92,416.4,71.28,88.1,2.344,14
shazam_2,Download,17357,21.29,23.72,386.9,87.33,90.3,1.367,15
shazam_3,Download,18926,21.57,34.49,489.0,64.81,83.2,1.823,13
shazam_4,Download,18622,22.96,34.27,378.9,114.78,90.7,1.841,14
shazam_5,Download,15437,19.06,23.78,375.1,111.65,90.7,1.541,9
shazam_6,Download,15540,18.88,32.66,403.3,87.13,89.1,2.102,15
trivago_1,Download,29595,35.72,32.46,410.1,100.8,88.4,1.097,11
trivago_2,Download,28709,35.54,22.06,366.6,119.42,90.6,0.768,6
trivago_3,Download,28326,35.39,20.76,348.5,146.79,91.6,0.733,10
trivago_4,Download,28355,35.41,24.7,350.5,146.31,91.6,0.871,13
trivago_5,Download,32870,40.97,26.62,354.2,138.07,91.5,0.81,9
trivago_6,Download,33533,41.76,22.54,354.8,135.52,91.3,0.672,9
ups_1,Download,59615,76.3,20.03,298.4,275.05,94.5,0.336,10
ups_2,Download,60183,76.93,23.7,301.9,278.86,94.3,0.394,11
ups_3,Download,50328,64.47,21.92,295.8,273.72,94.5,0.436,9
ups_4,Download,50209,64.41,21.93,291.7,296.24,94.7,0.437,10
ups_5,Download,50297,64.46,30.34,296.0,262.79,94.6,0.603,12
ups_6,Download,64216,74.7,61.81,465.0,79.51,85.0,0.963,10
unieuro_1,Download,64532,82.53,36.25,299.2,226.72,94.3,0.562,18
unieuro_2,Download,65175,82.87,24.47,314.4,227.07,93.7,0.375,7
unieuro_3,Download,64220,82.34,30.61,292.8,307.22,94.5,0.477,12
unieuro_4,Download,64272,82.36,27.75,294.4,291.69,94.5,0.432,13
unieuro_5,Download,64409,82.52,36.8,295.0,267.54,94.5,0.571,14
unieuro_6,Download,64098,82.35,30.31,288.3,302.96,94.8,0.473,12
browsing_browser_1,Browsing,54447,64.56,64.28,432.0,81.28,87.1,1.181,9
browsing_browser_2,Browsing,75183,93.72,82.29,347.1,161.45,91.7,1.095,47
browsing_browser_3,Browsing,47104,56.92,80.02,400.8,90.21,88.8,1.699,24
browsing_browser_4,Browsing,61893,76.0,72.54,381.9,104.9,90.4,1.172,27
browsing_browser_5,Browsing,56465,67.59,72.27,424.5,87.84,87.9,1.28,25
browsing_browser_6,Browsing,58434,65.97,102.36,498.2,61.9,82.7,1.752,1
browsing_browser_7,Browsing,73497,80.95,107.69,522.1,52.22,80.7,1.465,0
browsing_browser_8,Browsing,48306,51.39,124.59,548.2,36.3,77.3,2.579,0
browsing_browser_9,Browsing,61817,70.52,138.88,488.3,83.68,83.2,2.247,23
update_instagram,Aggiornamento,145042,181.42,85.51,351.3,218.22,92.0,0.59,25
update_linkedin,Aggiornamento,19825,22.05,56.39,509.1,37.31,81.1,2.845,13
update_maps,Aggiornamento,32095,36.96,50.23,473.1,46.72,84.0,1.565,12
update_reddit,Aggiornamento,76312,91.77,74.46,420.2,92.49,88.2,0.976,15
update_ryanair,Aggiornamento,19429,22.42,26.15,475.5,60.24,84.4,1.346,8
update_teams,Aggiornamento,64908,78.5,54.66,409.0,99.29,88.5,0.842,10
update_twitch,Aggiornamento,37865,44.09,62.62,461.1,59.82,85.1,1.654,11
update_vinted,Aggiornamento,13761,15.43,29.68,491.0,35.26,80.2,2.157,2
